month,month_end_date,month_end_close
1927-12,1927-12-30,17.65999984741211
1928-01,1928-01-31,17.56999969482422
1928-02,1928-02-29,17.260000228881836
1928-03,1928-03-30,19.280000686645508
1928-04,1928-04-30,19.75
1928-05,1928-05-31,20.0
1928-06,1928-06-29,19.13999938964844
1928-07,1928-07-31,19.43000030517578
1928-08,1928-08-31,20.8700008392334
1928-09,1928-09-28,21.13999938964844
1928-10,1928-10-31,21.68000030517578
1928-11,1928-11-30,24.280000686645508
1928-12,1928-12-31,24.350000381469727
1929-01,1929-01-31,25.739999771118164
1929-02,1929-02-28,25.59000015258789
1929-03,1929-03-28,25.530000686645508
1929-04,1929-04-30,25.940000534057617
1929-05,1929-05-31,24.82999992370605
1929-06,1929-06-28,27.40999984741211
1929-07,1929-07-31,28.8799991607666
1929-08,1929-08-30,31.709999084472656
1929-09,1929-09-30,30.15999984741211
1929-10,1929-10-31,24.14999961853028
1929-11,1929-11-27,20.920000076293945
1929-12,1929-12-31,21.450000762939453
1930-01,1930-01-31,22.790000915527344
1930-02,1930-02-28,23.280000686645508
1930-03,1930-03-31,24.14999961853028
1930-04,1930-04-30,24.89999961853028
1930-05,1930-05-29,24.489999771118164
1930-06,1930-06-30,20.459999084472656
1930-07,1930-07-31,21.209999084472656
1930-08,1930-08-29,21.3700008392334
1930-09,1930-09-30,18.59000015258789
1930-10,1930-10-31,16.940000534057617
1930-11,1930-11-28,16.3799991607666
1930-12,1930-12-31,15.34000015258789
1931-01,1931-01-30,16.190000534057617
1931-02,1931-02-27,18.030000686645508
1931-03,1931-03-31,16.690000534057617
1931-04,1931-04-30,15.09000015258789
1931-05,1931-05-29,13.020000457763672
1931-06,1931-06-30,14.829999923706056
1931-07,1931-07-31,13.729999542236328
1931-08,1931-08-31,13.859999656677246
1931-09,1931-09-30,9.710000038146973
1931-10,1931-10-30,10.43000030517578
1931-11,1931-11-30,9.5
1931-12,1931-12-31,8.119999885559082
1932-01,1932-01-29,7.940000057220459
1932-02,1932-02-29,8.289999961853027
1932-03,1932-03-31,7.309999942779541
1932-04,1932-04-29,5.829999923706055
1932-05,1932-05-31,4.46999979019165
1932-06,1932-06-30,4.429999828338623
1932-07,1932-07-29,6.03000020980835
1932-08,1932-08-31,8.390000343322754
1932-09,1932-09-30,8.079999923706055
1932-10,1932-10-31,6.960000038146973
1932-11,1932-11-30,6.550000190734863
1932-12,1932-12-30,6.920000076293945
1933-01,1933-01-31,6.940000057220459
1933-02,1933-02-28,5.659999847412109
1933-03,1933-03-31,5.849999904632568
1933-04,1933-04-28,7.829999923706055
1933-05,1933-05-31,9.640000343322754
1933-06,1933-06-30,10.90999984741211
1933-07,1933-07-31,9.949999809265137
1933-08,1933-08-31,11.09000015258789
1933-09,1933-09-29,9.720000267028809
1933-10,1933-10-31,8.960000038146973
1933-11,1933-11-29,9.880000114440918
1933-12,1933-12-29,9.970000267028809
1934-01,1934-01-31,11.170000076293944
1934-02,1934-02-28,10.760000228881836
1934-03,1934-03-29,10.619999885559082
1934-04,1934-04-30,10.460000038146973
1934-05,1934-05-31,9.609999656677246
1934-06,1934-06-29,9.8100004196167
1934-07,1934-07-31,8.680000305175781
1934-08,1934-08-31,9.149999618530272
1934-09,1934-09-28,9.079999923706056
1934-10,1934-10-31,8.8100004196167
1934-11,1934-11-30,9.539999961853027
1934-12,1934-12-31,9.5
1935-01,1935-01-31,9.100000381469728
1935-02,1935-02-28,8.739999771118164
1935-03,1935-03-29,8.449999809265137
1935-04,1935-04-30,9.279999732971191
1935-05,1935-05-31,9.579999923706056
1935-06,1935-06-28,10.239999771118164
1935-07,1935-07-31,11.079999923706056
1935-08,1935-08-30,11.239999771118164
1935-09,1935-09-30,11.59000015258789
1935-10,1935-10-31,12.460000038146973
1935-11,1935-11-29,12.9399995803833
1935-12,1935-12-31,13.43000030517578
1936-01,1936-01-31,14.3100004196167
1936-02,1936-02-28,14.600000381469728
1936-03,1936-03-31,14.920000076293944
1936-04,1936-04-30,13.770000457763672
1936-05,1936-05-29,14.399999618530272
1936-06,1936-06-30,14.84000015258789
1936-07,1936-07-31,15.850000381469728
1936-08,1936-08-31,15.989999771118164
1936-09,1936-09-30,16.010000228881836
1936-10,1936-10-30,17.229999542236328
1936-11,1936-11-30,17.280000686645508
1936-12,1936-12-31,17.18000030517578
1937-01,1937-01-29,17.770000457763672
1937-02,1937-02-26,18.059999465942383
1937-03,1937-03-31,17.920000076293945
1937-04,1937-04-30,16.43000030517578
1937-05,1937-05-28,16.260000228881836
1937-06,1937-06-30,15.399999618530272
1937-07,1937-07-30,16.770000457763672
1937-08,1937-08-31,16.040000915527344
1937-09,1937-09-30,13.760000228881836
1937-10,1937-10-29,12.350000381469728
1937-11,1937-11-30,11.109999656677246
1937-12,1937-12-31,10.550000190734863
1938-01,1938-01-31,10.6899995803833
1938-02,1938-02-28,11.34000015258789
1938-03,1938-03-31,8.5
1938-04,1938-04-29,9.779999732971191
1938-05,1938-05-31,9.270000457763672
1938-06,1938-06-30,11.5600004196167
1938-07,1938-07-29,12.329999923706056
1938-08,1938-08-31,12.0600004196167
1938-09,1938-09-30,12.239999771118164
1938-10,1938-10-31,13.170000076293944
1938-11,1938-11-30,12.729999542236328
1938-12,1938-12-30,13.140000343322754
1939-01,1939-01-31,12.300000190734863
1939-02,1939-02-28,12.699999809265137
1939-03,1939-03-31,10.979999542236328
1939-04,1939-04-28,10.93000030517578
1939-05,1939-05-31,11.600000381469728
1939-06,1939-06-30,10.859999656677246
1939-07,1939-07-31,12.039999961853027
1939-08,1939-08-31,11.18000030517578
1939-09,1939-09-29,12.789999961853027
1939-10,1939-10-31,12.829999923706056
1939-11,1939-11-30,12.199999809265137
1939-12,1939-12-29,12.460000038146973
1940-01,1940-01-31,12.050000190734863
1940-02,1940-02-29,12.130000114440918
1940-03,1940-03-29,12.18000030517578
1940-04,1940-04-30,12.1899995803833
1940-05,1940-05-31,9.270000457763672
1940-06,1940-06-28,9.979999542236328
1940-07,1940-07-31,10.289999961853027
1940-08,1940-08-30,10.5
1940-09,1940-09-30,10.65999984741211
1940-10,1940-10-31,11.079999923706056
1940-11,1940-11-29,10.56999969482422
1940-12,1940-12-31,10.579999923706056
1941-01,1941-01-31,10.06999969482422
1941-02,1941-02-28,9.920000076293944
1941-03,1941-03-31,9.960000038146973
1941-04,1941-04-30,9.3100004196167
1941-05,1941-05-29,9.380000114440918
1941-06,1941-06-30,9.850000381469728
1941-07,1941-07-31,10.390000343322754
1941-08,1941-08-29,10.279999732971191
1941-09,1941-09-30,10.199999809265137
1941-10,1941-10-31,9.5
1941-11,1941-11-28,9.119999885559082
1941-12,1941-12-31,8.6899995803833
1942-01,1942-01-30,8.850000381469727
1942-02,1942-02-27,8.59000015258789
1942-03,1942-03-31,8.010000228881836
1942-04,1942-04-30,7.659999847412109
1942-05,1942-05-29,8.149999618530273
1942-06,1942-06-30,8.300000190734863
1942-07,1942-07-31,8.5600004196167
1942-08,1942-08-31,8.619999885559082
1942-09,1942-09-30,8.850000381469727
1942-10,1942-10-30,9.359999656677246
1942-11,1942-11-30,9.289999961853027
1942-12,1942-12-31,9.770000457763672
1943-01,1943-01-29,10.4399995803833
1943-02,1943-02-26,10.970000267028809
1943-03,1943-03-31,11.579999923706056
1943-04,1943-04-30,11.59000015258789
1943-05,1943-05-28,12.050000190734863
1943-06,1943-06-30,12.350000381469728
1943-07,1943-07-30,11.850000381469728
1943-08,1943-08-31,11.800000190734863
1943-09,1943-09-30,12.079999923706056
1943-10,1943-10-29,11.90999984741211
1943-11,1943-11-30,11.020000457763672
1943-12,1943-12-31,11.670000076293944
1944-01,1944-01-31,11.850000381469728
1944-02,1944-02-29,11.81999969482422
1944-03,1944-03-31,12.020000457763672
1944-04,1944-04-28,11.869999885559082
1944-05,1944-05-31,12.350000381469728
1944-06,1944-06-30,12.979999542236328
1944-07,1944-07-31,12.710000038146973
1944-08,1944-08-31,12.81999969482422
1944-09,1944-09-29,12.739999771118164
1944-10,1944-10-31,12.779999732971191
1944-11,1944-11-30,12.829999923706056
1944-12,1944-12-29,13.279999732971191
1945-01,1945-01-31,13.470000267028809
1945-02,1945-02-28,14.300000190734863
1945-03,1945-03-29,13.609999656677246
1945-04,1945-04-30,14.84000015258789
1945-05,1945-05-31,15.010000228881836
1945-06,1945-06-29,14.869999885559082
1945-07,1945-07-31,14.65999984741211
1945-08,1945-08-31,15.510000228881836
1945-09,1945-09-28,16.049999237060547
1945-10,1945-10-31,16.649999618530273
1945-11,1945-11-30,17.190000534057617
1945-12,1945-12-31,17.360000610351562
1946-01,1946-01-31,18.56999969482422
1946-02,1946-02-28,17.280000686645508
1946-03,1946-03-29,18.040000915527344
1946-04,1946-04-30,18.76000022888184
1946-05,1946-05-31,19.18000030517578
1946-06,1946-06-28,18.43000030517578
1946-07,1946-07-31,17.959999084472656
1946-08,1946-08-30,16.649999618530273
1946-09,1946-09-30,14.960000038146973
1946-10,1946-10-31,14.84000015258789
1946-11,1946-11-29,14.68000030517578
1946-12,1946-12-31,15.300000190734863
1947-01,1947-01-31,15.65999984741211
1947-02,1947-02-28,15.43000030517578
1947-03,1947-03-31,15.170000076293944
1947-04,1947-04-30,14.579999923706056
1947-05,1947-05-29,14.449999809265137
1947-06,1947-06-30,15.210000038146973
1947-07,1947-07-31,15.760000228881836
1947-08,1947-08-29,15.31999969482422
1947-09,1947-09-30,15.109999656677246
1947-10,1947-10-31,15.43000030517578
1947-11,1947-11-28,14.979999542236328
1947-12,1947-12-31,15.300000190734863
1948-01,1948-01-30,14.68000030517578
1948-02,1948-02-27,13.93000030517578
1948-03,1948-03-31,15.079999923706056
1948-04,1948-04-30,15.479999542236328
1948-05,1948-05-28,16.690000534057617
1948-06,1948-06-30,16.739999771118164
1948-07,1948-07-30,15.850000381469728
1948-08,1948-08-31,15.970000267028809
1948-09,1948-09-30,15.489999771118164
1948-10,1948-10-29,16.5
1948-11,1948-11-30,14.75
1948-12,1948-12-31,15.199999809265137
1949-01,1949-01-31,15.220000267028809
1949-02,1949-02-28,14.619999885559082
1949-03,1949-03-31,15.0600004196167
1949-04,1949-04-29,14.710000038146973
1949-05,1949-05-31,14.1899995803833
1949-06,1949-06-30,14.15999984741211
1949-07,1949-07-29,15.039999961853027
1949-08,1949-08-31,15.220000267028809
1949-09,1949-09-30,15.579999923706056
1949-10,1949-10-31,16.040000915527344
1949-11,1949-11-30,16.059999465942383
1949-12,1949-12-30,16.790000915527344
1950-01,1950-01-31,17.049999237060547
1950-02,1950-02-28,17.219999313354492
1950-03,1950-03-31,17.290000915527344
1950-04,1950-04-28,17.959999084472656
1950-05,1950-05-31,18.780000686645508
1950-06,1950-06-30,17.690000534057617
1950-07,1950-07-31,17.84000015258789
1950-08,1950-08-31,18.420000076293945
1950-09,1950-09-29,19.450000762939453
1950-10,1950-10-31,19.530000686645508
1950-11,1950-11-30,19.51000022888184
1950-12,1950-12-29,20.43000030517578
1951-01,1951-01-31,21.65999984741211
1951-02,1951-02-28,21.799999237060547
1951-03,1951-03-30,21.479999542236328
1951-04,1951-04-30,22.43000030517578
1951-05,1951-05-31,21.520000457763672
1951-06,1951-06-29,20.959999084472656
1951-07,1951-07-31,22.39999961853028
1951-08,1951-08-31,23.280000686645508
1951-09,1951-09-28,23.26000022888184
1951-10,1951-10-31,22.940000534057617
1951-11,1951-11-30,22.8799991607666
1951-12,1951-12-31,23.770000457763672
1952-01,1952-01-31,24.13999938964844
1952-02,1952-02-29,23.26000022888184
1952-03,1952-03-31,24.3700008392334
1952-04,1952-04-30,23.31999969482422
1952-05,1952-05-29,23.86000061035156
1952-06,1952-06-30,24.959999084472656
1952-07,1952-07-31,25.39999961853028
1952-08,1952-08-29,25.030000686645508
1952-09,1952-09-30,24.540000915527344
1952-10,1952-10-31,24.520000457763672
1952-11,1952-11-28,25.65999984741211
1952-12,1952-12-31,26.56999969482422
1953-01,1953-01-30,26.3799991607666
1953-02,1953-02-27,25.89999961853028
1953-03,1953-03-31,25.290000915527344
1953-04,1953-04-30,24.6200008392334
1953-05,1953-05-29,24.540000915527344
1953-06,1953-06-30,24.13999938964844
1953-07,1953-07-31,24.75
1953-08,1953-08-31,23.31999969482422
1953-09,1953-09-30,23.350000381469727
1953-10,1953-10-30,24.540000915527344
1953-11,1953-11-30,24.76000022888184
1953-12,1953-12-31,24.809999465942383
1954-01,1954-01-29,26.07999992370605
1954-02,1954-02-26,26.14999961853028
1954-03,1954-03-31,26.940000534057617
1954-04,1954-04-30,28.26000022888184
1954-05,1954-05-28,29.190000534057617
1954-06,1954-06-30,29.209999084472656
1954-07,1954-07-30,30.8799991607666
1954-08,1954-08-31,29.82999992370605
1954-09,1954-09-30,32.310001373291016
1954-10,1954-10-29,31.68000030517578
1954-11,1954-11-30,34.2400016784668
1954-12,1954-12-31,35.97999954223633
1955-01,1955-01-31,36.630001068115234
1955-02,1955-02-28,36.7599983215332
1955-03,1955-03-31,36.58000183105469
1955-04,1955-04-29,37.959999084472656
1955-05,1955-05-31,37.90999984741211
1955-06,1955-06-30,41.02999877929688
1955-07,1955-07-29,43.52000045776367
1955-08,1955-08-31,43.18000030517578
1955-09,1955-09-30,43.66999816894531
1955-10,1955-10-31,42.34000015258789
1955-11,1955-11-30,45.5099983215332
1955-12,1955-12-30,45.47999954223633
1956-01,1956-01-31,43.81999969482422
1956-02,1956-02-29,45.34000015258789
1956-03,1956-03-29,48.47999954223633
1956-04,1956-04-30,48.380001068115234
1956-05,1956-05-31,45.20000076293945
1956-06,1956-06-29,46.970001220703125
1956-07,1956-07-31,49.38999938964844
1956-08,1956-08-31,47.5099983215332
1956-09,1956-09-28,45.34999847412109
1956-10,1956-10-31,45.58000183105469
1956-11,1956-11-30,45.08000183105469
1956-12,1956-12-31,46.66999816894531
1957-01,1957-01-31,44.720001220703125
1957-02,1957-02-28,43.2599983215332
1957-03,1957-03-29,44.11000061035156
1957-04,1957-04-30,45.7400016784668
1957-05,1957-05-31,47.43000030517578
1957-06,1957-06-28,47.369998931884766
1957-07,1957-07-31,47.90999984741211
1957-08,1957-08-30,45.220001220703125
1957-09,1957-09-30,42.41999816894531
1957-10,1957-10-31,41.060001373291016
1957-11,1957-11-29,41.720001220703125
1957-12,1957-12-31,39.9900016784668
1958-01,1958-01-31,41.70000076293945
1958-02,1958-02-28,40.84000015258789
1958-03,1958-03-31,42.09999847412109
1958-04,1958-04-30,43.43999862670898
1958-05,1958-05-29,44.09000015258789
1958-06,1958-06-30,45.2400016784668
1958-07,1958-07-31,47.18999862670898
1958-08,1958-08-29,47.75
1958-09,1958-09-30,50.060001373291016
1958-10,1958-10-31,51.33000183105469
1958-11,1958-11-28,52.47999954223633
1958-12,1958-12-31,55.209999084472656
1959-01,1959-01-30,55.45000076293945
1959-02,1959-02-27,55.40999984741211
1959-03,1959-03-31,55.43999862670898
1959-04,1959-04-30,57.59000015258789
1959-05,1959-05-29,58.68000030517578
1959-06,1959-06-30,58.470001220703125
1959-07,1959-07-31,60.5099983215332
1959-08,1959-08-31,59.59999847412109
1959-09,1959-09-30,56.880001068115234
1959-10,1959-10-30,57.52000045776367
1959-11,1959-11-30,58.27999877929688
1959-12,1959-12-31,59.88999938964844
1960-01,1960-01-29,55.61000061035156
1960-02,1960-02-29,56.119998931884766
1960-03,1960-03-31,55.34000015258789
1960-04,1960-04-29,54.369998931884766
1960-05,1960-05-31,55.83000183105469
1960-06,1960-06-30,56.91999816894531
1960-07,1960-07-29,55.5099983215332
1960-08,1960-08-31,56.959999084472656
1960-09,1960-09-30,53.52000045776367
1960-10,1960-10-31,53.38999938964844
1960-11,1960-11-30,55.540000915527344
1960-12,1960-12-30,58.11000061035156
1961-01,1961-01-31,61.77999877929688
1961-02,1961-02-28,63.43999862670898
1961-03,1961-03-30,65.05999755859375
1961-04,1961-04-28,65.30999755859375
1961-05,1961-05-31,66.55999755859375
1961-06,1961-06-30,64.63999938964844
1961-07,1961-07-31,66.76000213623047
1961-08,1961-08-31,68.06999969482422
1961-09,1961-09-29,66.7300033569336
1961-10,1961-10-31,68.62000274658203
1961-11,1961-11-30,71.31999969482422
1961-12,1961-12-29,71.55000305175781
1962-01,1962-01-31,68.83999633789062
1962-02,1962-02-28,69.95999908447266
1962-03,1962-03-30,69.55000305175781
1962-04,1962-04-30,65.23999786376953
1962-05,1962-05-31,59.630001068115234
1962-06,1962-06-29,54.75
1962-07,1962-07-31,58.22999954223633
1962-08,1962-08-31,59.119998931884766
1962-09,1962-09-28,56.27000045776367
1962-10,1962-10-31,56.52000045776367
1962-11,1962-11-30,62.2599983215332
1962-12,1962-12-31,63.09999847412109
1963-01,1963-01-31,66.19999694824219
1963-02,1963-02-28,64.29000091552734
1963-03,1963-03-29,66.56999969482422
1963-04,1963-04-30,69.80000305175781
1963-05,1963-05-31,70.80000305175781
1963-06,1963-06-28,69.37000274658203
1963-07,1963-07-31,69.12999725341797
1963-08,1963-08-30,72.5
1963-09,1963-09-30,71.69999694824219
1963-10,1963-10-31,74.01000213623047
1963-11,1963-11-29,73.2300033569336
1963-12,1963-12-31,75.0199966430664
1964-01,1964-01-31,77.04000091552734
1964-02,1964-02-28,77.80000305175781
1964-03,1964-03-31,78.9800033569336
1964-04,1964-04-30,79.45999908447266
1964-05,1964-05-28,80.37000274658203
1964-06,1964-06-30,81.69000244140625
1964-07,1964-07-31,83.18000030517578
1964-08,1964-08-31,81.83000183105469
1964-09,1964-09-30,84.18000030517578
1964-10,1964-10-30,84.86000061035156
1964-11,1964-11-30,84.41999816894531
1964-12,1964-12-31,84.75
1965-01,1965-01-29,87.55999755859375
1965-02,1965-02-26,87.43000030517578
1965-03,1965-03-31,86.16000366210938
1965-04,1965-04-30,89.11000061035156
1965-05,1965-05-28,88.41999816894531
1965-06,1965-06-30,84.12000274658203
1965-07,1965-07-30,85.25
1965-08,1965-08-31,87.16999816894531
1965-09,1965-09-30,89.95999908447266
1965-10,1965-10-29,92.41999816894533
1965-11,1965-11-30,91.61000061035156
1965-12,1965-12-31,92.43000030517578
1966-01,1966-01-31,92.87999725341795
1966-02,1966-02-28,91.22000122070312
1966-03,1966-03-31,89.2300033569336
1966-04,1966-04-29,91.05999755859376
1966-05,1966-05-31,86.12999725341797
1966-06,1966-06-30,84.73999786376953
1966-07,1966-07-29,83.5999984741211
1966-08,1966-08-31,77.0999984741211
1966-09,1966-09-30,76.55999755859375
1966-10,1966-10-31,80.19999694824219
1966-11,1966-11-30,80.44999694824219
1966-12,1966-12-30,80.33000183105469
1967-01,1967-01-31,86.61000061035156
1967-02,1967-02-28,86.77999877929688
1967-03,1967-03-31,90.1999969482422
1967-04,1967-04-28,94.01000213623048
1967-05,1967-05-31,89.08000183105469
1967-06,1967-06-30,90.63999938964844
1967-07,1967-07-31,94.75
1967-08,1967-08-31,93.63999938964844
1967-09,1967-09-29,96.70999908447266
1967-10,1967-10-31,93.3000030517578
1967-11,1967-11-30,94.0
1967-12,1967-12-29,96.47000122070312
1968-01,1968-01-31,92.23999786376952
1968-02,1968-02-29,89.36000061035156
1968-03,1968-03-29,90.1999969482422
1968-04,1968-04-30,97.45999908447266
1968-05,1968-05-31,98.68000030517578
1968-06,1968-06-28,99.58000183105467
1968-07,1968-07-30,97.73999786376952
1968-08,1968-08-30,98.86000061035156
1968-09,1968-09-30,102.66999816894533
1968-10,1968-10-31,103.41000366210938
1968-11,1968-11-29,108.37000274658205
1968-12,1968-12-31,103.86000061035156
1969-01,1969-01-31,103.01000213623048
1969-02,1969-02-28,98.12999725341795
1969-03,1969-03-28,101.51000213623048
1969-04,1969-04-30,103.69000244140624
1969-05,1969-05-29,103.45999908447266
1969-06,1969-06-30,97.70999908447266
1969-07,1969-07-31,91.83000183105467
1969-08,1969-08-29,95.51000213623048
1969-09,1969-09-30,93.12000274658205
1969-10,1969-10-31,97.12000274658205
1969-11,1969-11-28,93.80999755859376
1969-12,1969-12-31,92.05999755859376
1970-01,1970-01-30,85.0199966430664
1970-02,1970-02-27,89.5
1970-03,1970-03-31,89.62999725341797
1970-04,1970-04-30,81.5199966430664
1970-05,1970-05-29,76.55000305175781
1970-06,1970-06-30,72.72000122070312
1970-07,1970-07-31,78.05000305175781
1970-08,1970-08-31,81.5199966430664
1970-09,1970-09-30,84.30000305175781
1970-10,1970-10-30,83.25
1970-11,1970-11-30,87.19999694824219
1970-12,1970-12-31,92.1500015258789
1971-01,1971-01-29,95.87999725341795
1971-02,1971-02-26,96.75
1971-03,1971-03-31,100.30999755859376
1971-04,1971-04-30,103.9499969482422
1971-05,1971-05-28,99.62999725341795
1971-06,1971-06-30,98.6999969482422
1971-07,1971-07-30,95.58000183105467
1971-08,1971-08-31,99.02999877929688
1971-09,1971-09-30,98.33999633789062
1971-10,1971-10-29,94.2300033569336
1971-11,1971-11-30,93.98999786376952
1971-12,1971-12-31,102.08999633789062
1972-01,1972-01-31,103.94000244140624
1972-02,1972-02-29,106.56999969482422
1972-03,1972-03-30,107.1999969482422
1972-04,1972-04-28,107.66999816894533
1972-05,1972-05-31,109.52999877929688
1972-06,1972-06-30,107.13999938964844
1972-07,1972-07-31,107.38999938964844
1972-08,1972-08-31,111.08999633789062
1972-09,1972-09-29,110.5500030517578
1972-10,1972-10-31,111.58000183105467
1972-11,1972-11-30,116.66999816894533
1972-12,1972-12-29,118.0500030517578
1973-01,1973-01-31,116.02999877929688
1973-02,1973-02-28,111.68000030517578
1973-03,1973-03-30,111.5199966430664
1973-04,1973-04-30,106.97000122070312
1973-05,1973-05-31,104.9499969482422
1973-06,1973-06-29,104.26000213623048
1973-07,1973-07-31,108.22000122070312
1973-08,1973-08-31,104.25
1973-09,1973-09-28,108.43000030517578
1973-10,1973-10-31,108.29000091552734
1973-11,1973-11-30,95.95999908447266
1973-12,1973-12-31,97.5500030517578
1974-01,1974-01-31,96.56999969482422
1974-02,1974-02-28,96.22000122070312
1974-03,1974-03-29,93.9800033569336
1974-04,1974-04-30,90.30999755859376
1974-05,1974-05-31,87.27999877929688
1974-06,1974-06-28,86.0
1974-07,1974-07-31,79.30999755859375
1974-08,1974-08-30,72.1500015258789
1974-09,1974-09-30,63.540000915527344
1974-10,1974-10-31,73.9000015258789
1974-11,1974-11-29,69.97000122070312
1974-12,1974-12-31,68.55999755859375
1975-01,1975-01-31,76.9800033569336
1975-02,1975-02-28,81.58999633789062
1975-03,1975-03-31,83.36000061035156
1975-04,1975-04-30,87.30000305175781
1975-05,1975-05-30,91.1500015258789
1975-06,1975-06-30,95.19000244140624
1975-07,1975-07-31,88.75
1975-08,1975-08-29,86.87999725341797
1975-09,1975-09-30,83.87000274658203
1975-10,1975-10-31,89.04000091552734
1975-11,1975-11-28,91.23999786376952
1975-12,1975-12-31,90.19000244140624
1976-01,1976-01-30,100.86000061035156
1976-02,1976-02-27,99.70999908447266
1976-03,1976-03-31,102.7699966430664
1976-04,1976-04-30,101.63999938964844
1976-05,1976-05-28,100.18000030517578
1976-06,1976-06-30,104.27999877929688
1976-07,1976-07-30,103.44000244140624
1976-08,1976-08-31,102.91000366210938
1976-09,1976-09-30,105.23999786376952
1976-10,1976-10-29,102.9000015258789
1976-11,1976-11-30,102.0999984741211
1976-12,1976-12-31,107.45999908447266
1977-01,1977-01-31,102.02999877929688
1977-02,1977-02-28,99.81999969482422
1977-03,1977-03-31,98.41999816894533
1977-04,1977-04-29,98.44000244140624
1977-05,1977-05-31,96.12000274658205
1977-06,1977-06-30,100.4800033569336
1977-07,1977-07-29,98.8499984741211
1977-08,1977-08-31,96.7699966430664
1977-09,1977-09-30,96.52999877929688
1977-10,1977-10-31,92.33999633789062
1977-11,1977-11-30,94.83000183105467
1977-12,1977-12-30,95.0999984741211
1978-01,1978-01-31,89.25
1978-02,1978-02-28,87.04000091552734
1978-03,1978-03-31,89.20999908447266
1978-04,1978-04-28,96.83000183105467
1978-05,1978-05-31,97.23999786376952
1978-06,1978-06-30,95.52999877929688
1978-07,1978-07-31,100.68000030517578
1978-08,1978-08-31,103.29000091552734
1978-09,1978-09-29,102.54000091552734
1978-10,1978-10-31,93.1500015258789
1978-11,1978-11-30,94.6999969482422
1978-12,1978-12-29,96.11000061035156
1979-01,1979-01-31,99.93000030517578
1979-02,1979-02-28,96.27999877929688
1979-03,1979-03-30,101.58999633789062
1979-04,1979-04-30,101.76000213623048
1979-05,1979-05-31,99.08000183105467
1979-06,1979-06-29,102.91000366210938
1979-07,1979-07-31,103.80999755859376
1979-08,1979-08-31,109.31999969482422
1979-09,1979-09-28,109.31999969482422
1979-10,1979-10-31,101.81999969482422
1979-11,1979-11-30,106.16000366210938
1979-12,1979-12-31,107.94000244140624
1980-01,1980-01-31,114.16000366210938
1980-02,1980-02-29,113.66000366210938
1980-03,1980-03-31,102.08999633789062
1980-04,1980-04-30,106.29000091552734
1980-05,1980-05-30,111.23999786376952
1980-06,1980-06-30,114.23999786376952
1980-07,1980-07-31,121.66999816894533
1980-08,1980-08-29,122.37999725341795
1980-09,1980-09-30,125.45999908447266
1980-10,1980-10-31,127.47000122070312
1980-11,1980-11-28,140.52000427246094
1980-12,1980-12-31,135.75999450683594
1981-01,1981-01-30,129.5500030517578
1981-02,1981-02-27,131.27000427246094
1981-03,1981-03-31,136.0
1981-04,1981-04-30,132.80999755859375
1981-05,1981-05-29,132.58999633789062
1981-06,1981-06-30,131.2100067138672
1981-07,1981-07-31,130.9199981689453
1981-08,1981-08-31,122.79000091552734
1981-09,1981-09-30,116.18000030517578
1981-10,1981-10-30,121.88999938964844
1981-11,1981-11-30,126.3499984741211
1981-12,1981-12-31,122.5500030517578
1982-01,1982-01-29,120.4000015258789
1982-02,1982-02-26,113.11000061035156
1982-03,1982-03-31,111.95999908447266
1982-04,1982-04-30,116.44000244140624
1982-05,1982-05-28,111.87999725341795
1982-06,1982-06-30,109.61000061035156
1982-07,1982-07-30,107.08999633789062
1982-08,1982-08-31,119.51000213623048
1982-09,1982-09-30,120.41999816894533
1982-10,1982-10-29,133.72000122070312
1982-11,1982-11-30,138.52999877929688
1982-12,1982-12-31,140.63999938964844
1983-01,1983-01-31,145.3000030517578
1983-02,1983-02-28,148.05999755859375
1983-03,1983-03-31,152.9600067138672
1983-04,1983-04-29,164.42999267578125
1983-05,1983-05-31,162.38999938964844
1983-06,1983-06-30,167.63999938964844
1983-07,1983-07-29,162.55999755859375
1983-08,1983-08-31,164.39999389648438
1983-09,1983-09-30,166.07000732421875
1983-10,1983-10-31,163.5500030517578
1983-11,1983-11-30,166.39999389648438
1983-12,1983-12-30,164.92999267578125
1984-01,1984-01-31,163.41000366210938
1984-02,1984-02-29,157.05999755859375
1984-03,1984-03-30,159.17999267578125
1984-04,1984-04-30,160.0500030517578
1984-05,1984-05-31,150.5500030517578
1984-06,1984-06-29,153.17999267578125
1984-07,1984-07-31,150.66000366210938
1984-08,1984-08-31,166.67999267578125
1984-09,1984-09-28,166.10000610351562
1984-10,1984-10-31,166.08999633789062
1984-11,1984-11-30,163.5800018310547
1984-12,1984-12-31,167.24000549316406
1985-01,1985-01-31,179.6300048828125
1985-02,1985-02-28,181.17999267578125
1985-03,1985-03-29,180.6600036621093
1985-04,1985-04-30,179.8300018310547
1985-05,1985-05-31,189.5500030517578
1985-06,1985-06-28,191.8500061035156
1985-07,1985-07-31,190.9199981689453
1985-08,1985-08-30,188.6300048828125
1985-09,1985-09-30,182.0800018310547
1985-10,1985-10-31,189.82000732421875
1985-11,1985-11-29,202.1699981689453
1985-12,1985-12-31,211.27999877929688
1986-01,1986-01-31,211.77999877929688
1986-02,1986-02-28,226.9199981689453
1986-03,1986-03-31,238.8999938964844
1986-04,1986-04-30,235.5200042724609
1986-05,1986-05-30,247.3500061035156
1986-06,1986-06-30,250.83999633789065
1986-07,1986-07-31,236.1199951171875
1986-08,1986-08-29,252.92999267578125
1986-09,1986-09-30,231.32000732421875
1986-10,1986-10-31,243.97999572753903
1986-11,1986-11-28,249.22000122070312
1986-12,1986-12-31,242.1699981689453
1987-01,1987-01-30,274.0799865722656
1987-02,1987-02-27,284.20001220703125
1987-03,1987-03-31,291.70001220703125
1987-04,1987-04-30,288.3599853515625
1987-05,1987-05-29,290.1000061035156
1987-06,1987-06-30,304.0
1987-07,1987-07-31,318.6600036621094
1987-08,1987-08-31,329.79998779296875
1987-09,1987-09-30,321.8299865722656
1987-10,1987-10-30,251.7899932861328
1987-11,1987-11-30,230.3000030517578
1987-12,1987-12-31,247.0800018310547
1988-01,1988-01-29,257.07000732421875
1988-02,1988-02-29,267.82000732421875
1988-03,1988-03-31,258.8900146484375
1988-04,1988-04-29,261.3299865722656
1988-05,1988-05-31,262.1600036621094
1988-06,1988-06-30,273.5
1988-07,1988-07-29,272.0199890136719
1988-08,1988-08-31,261.5199890136719
1988-09,1988-09-30,271.9100036621094
1988-10,1988-10-31,278.9700012207031
1988-11,1988-11-30,273.70001220703125
1988-12,1988-12-30,277.7200012207031
1989-01,1989-01-31,297.4700012207031
1989-02,1989-02-28,288.8599853515625
1989-03,1989-03-31,294.8699951171875
1989-04,1989-04-28,309.6400146484375
1989-05,1989-05-31,320.5199890136719
1989-06,1989-06-30,317.9800109863281
1989-07,1989-07-31,346.0799865722656
1989-08,1989-08-31,351.45001220703125
1989-09,1989-09-29,349.1499938964844
1989-10,1989-10-31,340.3599853515625
1989-11,1989-11-30,345.989990234375
1989-12,1989-12-29,353.3999938964844
1990-01,1990-01-31,329.0799865722656
1990-02,1990-02-28,331.8900146484375
1990-03,1990-03-30,339.94000244140625
1990-04,1990-04-30,330.79998779296875
1990-05,1990-05-31,361.2300109863281
1990-06,1990-06-29,358.0199890136719
1990-07,1990-07-31,356.1499938964844
1990-08,1990-08-31,322.5599975585937
1990-09,1990-09-28,306.04998779296875
1990-10,1990-10-31,304.0
1990-11,1990-11-30,322.2200012207031
1990-12,1990-12-31,330.2200012207031
1991-01,1991-01-31,343.92999267578125
1991-02,1991-02-28,367.0700073242188
1991-03,1991-03-28,375.2200012207031
1991-04,1991-04-30,375.3399963378906
1991-05,1991-05-31,389.8299865722656
1991-06,1991-06-28,371.1600036621094
1991-07,1991-07-31,387.80999755859375
1991-08,1991-08-30,395.4299926757813
1991-09,1991-09-30,387.8599853515625
1991-10,1991-10-31,392.4500122070313
1991-11,1991-11-29,375.2200012207031
1991-12,1991-12-31,417.0899963378906
1992-01,1992-01-31,408.7799987792969
1992-02,1992-02-28,412.7000122070313
1992-03,1992-03-31,403.6900024414063
1992-04,1992-04-30,414.9500122070313
1992-05,1992-05-29,415.3500061035156
1992-06,1992-06-30,408.1400146484375
1992-07,1992-07-31,424.2099914550781
1992-08,1992-08-31,414.0299987792969
1992-09,1992-09-30,417.7999877929688
1992-10,1992-10-30,418.6799926757813
1992-11,1992-11-30,431.3500061035156
1992-12,1992-12-31,435.7099914550781
1993-01,1993-01-29,438.7799987792969
1993-02,1993-02-26,443.3800048828125
1993-03,1993-03-31,451.6700134277344
1993-04,1993-04-30,440.1900024414063
1993-05,1993-05-28,450.1900024414063
1993-06,1993-06-30,450.5299987792969
1993-07,1993-07-30,448.1300048828125
1993-08,1993-08-31,463.55999755859375
1993-09,1993-09-30,458.9299926757813
1993-10,1993-10-29,467.8299865722656
1993-11,1993-11-30,461.7900085449219
1993-12,1993-12-31,466.4500122070313
1994-01,1994-01-31,481.6099853515625
1994-02,1994-02-28,467.1400146484375
1994-03,1994-03-31,445.7699890136719
1994-04,1994-04-29,450.9100036621094
1994-05,1994-05-31,456.5
1994-06,1994-06-30,444.2699890136719
1994-07,1994-07-29,458.260009765625
1994-08,1994-08-31,475.489990234375
1994-09,1994-09-30,462.7099914550781
1994-10,1994-10-31,472.3500061035156
1994-11,1994-11-30,453.6900024414063
1994-12,1994-12-30,459.2699890136719
1995-01,1995-01-31,470.4200134277344
1995-02,1995-02-28,487.3900146484375
1995-03,1995-03-31,500.7099914550781
1995-04,1995-04-28,514.7100219726562
1995-05,1995-05-31,533.4000244140625
1995-06,1995-06-30,544.75
1995-07,1995-07-31,562.0599975585938
1995-08,1995-08-31,561.8800048828125
1995-09,1995-09-29,584.4099731445312
1995-10,1995-10-31,581.5
1995-11,1995-11-30,605.3699951171875
1995-12,1995-12-29,615.9299926757812
1996-01,1996-01-31,636.02001953125
1996-02,1996-02-29,640.4299926757812
1996-03,1996-03-29,645.5
1996-04,1996-04-30,654.1699829101562
1996-05,1996-05-31,669.1199951171875
1996-06,1996-06-28,670.6300048828125
1996-07,1996-07-31,639.9500122070312
1996-08,1996-08-30,651.989990234375
1996-09,1996-09-30,687.3300170898438
1996-10,1996-10-31,705.27001953125
1996-11,1996-11-29,757.02001953125
1996-12,1996-12-31,740.739990234375
1997-01,1997-01-31,786.1599731445312
1997-02,1997-02-28,790.8200073242188
1997-03,1997-03-31,757.1199951171875
1997-04,1997-04-30,801.3400268554688
1997-05,1997-05-30,848.280029296875
1997-06,1997-06-30,885.1400146484375
1997-07,1997-07-31,954.3099975585938
1997-08,1997-08-29,899.469970703125
1997-09,1997-09-30,947.280029296875
1997-10,1997-10-31,914.6199951171876
1997-11,1997-11-28,955.4000244140624
1997-12,1997-12-31,970.4299926757812
1998-01,1998-01-30,980.280029296875
1998-02,1998-02-27,1049.3399658203125
1998-03,1998-03-31,1101.75
1998-04,1998-04-30,1111.75
1998-05,1998-05-29,1090.8199462890625
1998-06,1998-06-30,1133.8399658203125
1998-07,1998-07-31,1120.6700439453125
1998-08,1998-08-31,957.280029296875
1998-09,1998-09-30,1017.010009765625
1998-10,1998-10-30,1098.6700439453125
1998-11,1998-11-30,1163.6300048828125
1998-12,1998-12-31,1229.22998046875
1999-01,1999-01-29,1279.6400146484375
1999-02,1999-02-26,1238.3299560546875
1999-03,1999-03-31,1286.3699951171875
1999-04,1999-04-30,1335.1800537109375
1999-05,1999-05-28,1301.8399658203125
1999-06,1999-06-30,1372.7099609375
1999-07,1999-07-30,1328.719970703125
1999-08,1999-08-31,1320.4100341796875
1999-09,1999-09-30,1282.7099609375
1999-10,1999-10-29,1362.9300537109375
1999-11,1999-11-30,1388.9100341796875
1999-12,1999-12-31,1469.25
2000-01,2000-01-31,1394.4599609375
2000-02,2000-02-29,1366.4200439453125
2000-03,2000-03-31,1498.5799560546875
2000-04,2000-04-28,1452.4300537109375
2000-05,2000-05-31,1420.5999755859375
2000-06,2000-06-30,1454.5999755859375
2000-07,2000-07-31,1430.8299560546875
2000-08,2000-08-31,1517.6800537109375
2000-09,2000-09-29,1436.510009765625
2000-10,2000-10-31,1429.4000244140625
2000-11,2000-11-30,1314.949951171875
2000-12,2000-12-29,1320.280029296875
2001-01,2001-01-31,1366.010009765625
2001-02,2001-02-28,1239.93994140625
2001-03,2001-03-30,1160.3299560546875
2001-04,2001-04-30,1249.4599609375
2001-05,2001-05-31,1255.8199462890625
2001-06,2001-06-29,1224.3800048828125
2001-07,2001-07-31,1211.22998046875
2001-08,2001-08-31,1133.5799560546875
2001-09,2001-09-28,1040.93994140625
2001-10,2001-10-31,1059.780029296875
2001-11,2001-11-30,1139.449951171875
2001-12,2001-12-31,1148.0799560546875
2002-01,2002-01-31,1130.199951171875
2002-02,2002-02-28,1106.72998046875
2002-03,2002-03-28,1147.3900146484375
2002-04,2002-04-30,1076.9200439453125
2002-05,2002-05-31,1067.1400146484375
2002-06,2002-06-28,989.8200073242188
2002-07,2002-07-31,911.6199951171876
2002-08,2002-08-30,916.0700073242188
2002-09,2002-09-30,815.280029296875
2002-10,2002-10-31,885.760009765625
2002-11,2002-11-29,936.3099975585938
2002-12,2002-12-31,879.8200073242188
2003-01,2003-01-31,855.7000122070312
2003-02,2003-02-28,841.1500244140625
2003-03,2003-03-31,848.1799926757812
2003-04,2003-04-30,916.9199829101562
2003-05,2003-05-30,963.5900268554688
2003-06,2003-06-30,974.5
2003-07,2003-07-31,990.3099975585938
2003-08,2003-08-29,1008.010009765625
2003-09,2003-09-30,995.969970703125
2003-10,2003-10-31,1050.7099609375
2003-11,2003-11-28,1058.199951171875
2003-12,2003-12-31,1111.9200439453125
2004-01,2004-01-30,1131.1300048828125
2004-02,2004-02-27,1144.93994140625
2004-03,2004-03-31,1126.2099609375
2004-04,2004-04-30,1107.300048828125
2004-05,2004-05-28,1120.6800537109375
2004-06,2004-06-30,1140.8399658203125
2004-07,2004-07-30,1101.719970703125
2004-08,2004-08-31,1104.239990234375
2004-09,2004-09-30,1114.5799560546875
2004-10,2004-10-29,1130.199951171875
2004-11,2004-11-30,1173.8199462890625
2004-12,2004-12-31,1211.9200439453125
2005-01,2005-01-31,1181.27001953125
2005-02,2005-02-28,1203.5999755859375
2005-03,2005-03-31,1180.5899658203125
2005-04,2005-04-29,1156.8499755859375
2005-05,2005-05-31,1191.5
2005-06,2005-06-30,1191.3299560546875
2005-07,2005-07-29,1234.1800537109375
2005-08,2005-08-31,1220.3299560546875
2005-09,2005-09-30,1228.81005859375
2005-10,2005-10-31,1207.010009765625
2005-11,2005-11-30,1249.47998046875
2005-12,2005-12-30,1248.2900390625
2006-01,2006-01-31,1280.0799560546875
2006-02,2006-02-28,1280.6600341796875
2006-03,2006-03-31,1294.8699951171875
2006-04,2006-04-28,1310.6099853515625
2006-05,2006-05-31,1270.0899658203125
2006-06,2006-06-30,1270.199951171875
2006-07,2006-07-31,1276.6600341796875
2006-08,2006-08-31,1303.8199462890625
2006-09,2006-09-29,1335.8499755859375
2006-10,2006-10-31,1377.93994140625
2006-11,2006-11-30,1400.6300048828125
2006-12,2006-12-29,1418.300048828125
2007-01,2007-01-31,1438.239990234375
2007-02,2007-02-28,1406.8199462890625
2007-03,2007-03-30,1420.8599853515625
2007-04,2007-04-30,1482.3699951171875
2007-05,2007-05-31,1530.6199951171875
2007-06,2007-06-29,1503.3499755859375
2007-07,2007-07-31,1455.27001953125
2007-08,2007-08-31,1473.989990234375
2007-09,2007-09-28,1526.75
2007-10,2007-10-31,1549.3800048828125
2007-11,2007-11-30,1481.1400146484375
2007-12,2007-12-31,1468.3599853515625
2008-01,2008-01-31,1378.550048828125
2008-02,2008-02-29,1330.6300048828125
2008-03,2008-03-31,1322.699951171875
2008-04,2008-04-30,1385.5899658203125
2008-05,2008-05-30,1400.3800048828125
2008-06,2008-06-30,1280.0
2008-07,2008-07-31,1267.3800048828125
2008-08,2008-08-29,1282.8299560546875
2008-09,2008-09-30,1166.3599853515625
2008-10,2008-10-31,968.75
2008-11,2008-11-28,896.239990234375
2008-12,2008-12-31,903.25
2009-01,2009-01-30,825.8800048828125
2009-02,2009-02-27,735.0900268554688
2009-03,2009-03-31,797.8699951171875
2009-04,2009-04-30,872.8099975585938
2009-05,2009-05-29,919.1400146484376
2009-06,2009-06-30,919.3200073242188
2009-07,2009-07-31,987.47998046875
2009-08,2009-08-31,1020.6199951171876
2009-09,2009-09-30,1057.0799560546875
2009-10,2009-10-30,1036.18994140625
2009-11,2009-11-30,1095.6300048828125
2009-12,2009-12-31,1115.0999755859375
2010-01,2010-01-29,1073.8699951171875
2010-02,2010-02-26,1104.489990234375
2010-03,2010-03-31,1169.4300537109375
2010-04,2010-04-30,1186.68994140625
2010-05,2010-05-28,1089.4100341796875
2010-06,2010-06-30,1030.7099609375
2010-07,2010-07-30,1101.5999755859375
2010-08,2010-08-31,1049.3299560546875
2010-09,2010-09-30,1141.199951171875
2010-10,2010-10-29,1183.260009765625
2010-11,2010-11-30,1180.550048828125
2010-12,2010-12-31,1257.6400146484375
2011-01,2011-01-31,1286.1199951171875
2011-02,2011-02-28,1327.219970703125
2011-03,2011-03-31,1325.8299560546875
2011-04,2011-04-29,1363.6099853515625
2011-05,2011-05-31,1345.199951171875
2011-06,2011-06-30,1320.6400146484375
2011-07,2011-07-29,1292.280029296875
2011-08,2011-08-31,1218.8900146484375
2011-09,2011-09-30,1131.4200439453125
2011-10,2011-10-31,1253.300048828125
2011-11,2011-11-30,1246.9599609375
2011-12,2011-12-30,1257.5999755859375
2012-01,2012-01-31,1312.4100341796875
2012-02,2012-02-29,1365.6800537109375
2012-03,2012-03-30,1408.469970703125
2012-04,2012-04-30,1397.9100341796875
2012-05,2012-05-31,1310.3299560546875
2012-06,2012-06-29,1362.1600341796875
2012-07,2012-07-31,1379.3199462890625
2012-08,2012-08-31,1406.5799560546875
2012-09,2012-09-28,1440.6700439453125
2012-10,2012-10-31,1412.1600341796875
2012-11,2012-11-30,1416.1800537109375
2012-12,2012-12-31,1426.18994140625
2013-01,2013-01-31,1498.1099853515625
2013-02,2013-02-28,1514.6800537109375
2013-03,2013-03-28,1569.18994140625
2013-04,2013-04-30,1597.5699462890625
2013-05,2013-05-31,1630.739990234375
2013-06,2013-06-28,1606.280029296875
2013-07,2013-07-31,1685.72998046875
2013-08,2013-08-30,1632.969970703125
2013-09,2013-09-30,1681.550048828125
2013-10,2013-10-31,1756.5400390625
2013-11,2013-11-29,1805.81005859375
2013-12,2013-12-31,1848.3599853515625
2014-01,2014-01-31,1782.5899658203125
2014-02,2014-02-28,1859.449951171875
2014-03,2014-03-31,1872.3399658203125
2014-04,2014-04-30,1883.949951171875
2014-05,2014-05-30,1923.5699462890625
2014-06,2014-06-30,1960.22998046875
2014-07,2014-07-31,1930.6700439453125
2014-08,2014-08-29,2003.3699951171875
2014-09,2014-09-30,1972.2900390625
2014-10,2014-10-31,2018.050048828125
2014-11,2014-11-28,2067.56005859375
2014-12,2014-12-31,2058.89990234375
2015-01,2015-01-30,1994.989990234375
2015-02,2015-02-27,2104.5
2015-03,2015-03-31,2067.889892578125
2015-04,2015-04-30,2085.510009765625
2015-05,2015-05-29,2107.389892578125
2015-06,2015-06-30,2063.110107421875
2015-07,2015-07-31,2103.840087890625
2015-08,2015-08-31,1972.1800537109373
2015-09,2015-09-30,1920.030029296875
2015-10,2015-10-30,2079.360107421875
2015-11,2015-11-30,2080.409912109375
2015-12,2015-12-31,2043.93994140625
2016-01,2016-01-29,1940.239990234375
2016-02,2016-02-29,1932.22998046875
2016-03,2016-03-31,2059.739990234375
2016-04,2016-04-29,2065.300048828125
2016-05,2016-05-31,2096.949951171875
2016-06,2016-06-30,2098.860107421875
2016-07,2016-07-29,2173.60009765625
2016-08,2016-08-31,2170.949951171875
2016-09,2016-09-30,2168.27001953125
2016-10,2016-10-31,2126.14990234375
2016-11,2016-11-30,2198.81005859375
2016-12,2016-12-30,2238.830078125
2017-01,2017-01-31,2278.8701171875
2017-02,2017-02-28,2363.639892578125
2017-03,2017-03-31,2362.719970703125
2017-04,2017-04-28,2384.199951171875
2017-05,2017-05-31,2411.800048828125
2017-06,2017-06-30,2423.409912109375
2017-07,2017-07-31,2470.300048828125
2017-08,2017-08-31,2471.64990234375
2017-09,2017-09-29,2519.360107421875
2017-10,2017-10-31,2575.260009765625
2017-11,2017-11-30,2647.580078125
2017-12,2017-12-29,2673.610107421875
2018-01,2018-01-31,2823.81005859375
2018-02,2018-02-28,2713.830078125
2018-03,2018-03-29,2640.8701171875
2018-04,2018-04-30,2648.050048828125
2018-05,2018-05-31,2705.27001953125
2018-06,2018-06-29,2718.3701171875
2018-07,2018-07-31,2816.2900390625
2018-08,2018-08-31,2901.52001953125
2018-09,2018-09-28,2913.97998046875
2018-10,2018-10-31,2711.739990234375
2018-11,2018-11-30,2760.169921875
2018-12,2018-12-31,2506.85009765625
2019-01,2019-01-31,2704.10009765625
2019-02,2019-02-28,2784.489990234375
2019-03,2019-03-29,2834.39990234375
2019-04,2019-04-30,2945.830078125
2019-05,2019-05-31,2752.06005859375
2019-06,2019-06-28,2941.760009765625
2019-07,2019-07-31,2980.3798828125
2019-08,2019-08-30,2926.4599609375
2019-09,2019-09-30,2976.739990234375
2019-10,2019-10-31,3037.56005859375
2019-11,2019-11-29,3140.97998046875
2019-12,2019-12-31,3230.780029296875
2020-01,2020-01-31,3225.52001953125
2020-02,2020-02-28,2954.219970703125
2020-03,2020-03-31,2584.590087890625
2020-04,2020-04-30,2912.429931640625
2020-05,2020-05-29,3044.31005859375
2020-06,2020-06-30,3100.2900390625
2020-07,2020-07-31,3271.1201171875
2020-08,2020-08-31,3500.31005859375
2020-09,2020-09-30,3363.0
2020-10,2020-10-30,3269.9599609375
2020-11,2020-11-30,3621.6298828125
2020-12,2020-12-31,3756.070068359375
2021-01,2021-01-29,3714.239990234375
2021-02,2021-02-26,3811.14990234375
2021-03,2021-03-31,3972.889892578125
2021-04,2021-04-30,4181.169921875
2021-05,2021-05-28,4204.10986328125
2021-06,2021-06-30,4297.5
2021-07,2021-07-30,4395.259765625
2021-08,2021-08-31,4522.68017578125
2021-09,2021-09-30,4307.5400390625
2021-10,2021-10-29,4605.3798828125
2021-11,2021-11-30,4567.0
2021-12,2021-12-31,4766.18017578125
2022-01,2022-01-31,4515.5498046875
2022-02,2022-02-28,4373.93994140625
2022-03,2022-03-31,4530.41015625
2022-04,2022-04-29,4131.93017578125
2022-05,2022-05-31,4132.14990234375
2022-06,2022-06-30,3785.3798828125
2022-07,2022-07-29,4130.2900390625
2022-08,2022-08-31,3955.0
2022-09,2022-09-30,3585.6201171875
2022-10,2022-10-31,3871.97998046875
2022-11,2022-11-30,4080.110107421875
2022-12,2022-12-30,3839.5
2023-01,2023-01-31,4076.60009765625
2023-02,2023-02-28,3970.14990234375
2023-03,2023-03-31,4109.31005859375
2023-04,2023-04-28,4169.47998046875
2023-05,2023-05-31,4179.830078125
2023-06,2023-06-30,4450.3798828125
2023-07,2023-07-31,4588.9599609375
2023-08,2023-08-31,4507.66015625
2023-09,2023-09-29,4288.0498046875
2023-10,2023-10-31,4193.7998046875
2023-11,2023-11-30,4567.7998046875
2023-12,2023-12-29,4769.830078125
2024-01,2024-01-31,4845.64990234375
2024-02,2024-02-29,5096.27001953125
2024-03,2024-03-28,5254.35009765625
2024-04,2024-04-30,5035.68994140625
2024-05,2024-05-31,5277.509765625
2024-06,2024-06-28,5460.47998046875
2024-07,2024-07-31,5522.2998046875
2024-08,2024-08-30,5648.39990234375
2024-09,2024-09-30,5762.47998046875
2024-10,2024-10-31,5705.4501953125
2024-11,2024-11-29,6032.3798828125
2024-12,2024-12-31,5881.6298828125
2025-01,2025-01-31,6040.52978515625
2025-02,2025-02-28,5954.5
2025-03,2025-03-31,5611.85009765625
2025-04,2025-04-30,5569.06005859375
2025-05,2025-05-30,5911.68994140625
2025-06,2025-06-30,6204.9501953125
2025-07,2025-07-31,6339.39013671875
2025-08,2025-08-29,6460.259765625
2025-09,2025-09-11,6587.47021484375
